{
    "test_mape": 354.0812072753906,
    "test_mae": 83.68023681640625,
    "test_rmse": 101.47081756591797
}